model,average inf time,average mAP,total inf time
fasterrcnn,80.94219079613686,0.5373271436400037,6475.3752636909485
