model,average inf time,average mAP,total inf time
ssd,10.473164200782776,0.2375651418427983,837.8531360626221
