model,average inf time,average mAP,total inf time
ssd,12.600294068455696,0.20552763058463144,16128.376407623291
