model,average inf time,average mAP,total inf time
yolov4,12.42644464969635,0.04283169743107062,15905.849151611328
