model,average inf time,average mAP,total inf time
yolov4,12.515783816576004,0.017131944456034238,1001.2627053260803
