model,average inf time,average mAP,total inf time
yolov4,12.852631740272045,0.055495587559677984,16451.368627548218
